review,sentiment
"Everything about this movie felt forgettable characters.",Negative
"The cast delivered excellent performances. the ending was satisfying.",Positive
"I would not recommend this movie. forgettable characters",Negative
"I really disliked this movie. bad dialogue",Negative
"This film was disappointing because forgettable characters.",Negative
"Brilliant storytelling and outstanding performances.",Positive
"A wonderful cinematic experience with great character development.",Positive
"I would happily watch this again. emotional depth",Positive
"The acting was fantastic and outstanding performances.",Positive
"The story was boring and weak direction.",Negative
"I really disliked this movie. weak direction",Negative
"The soundtrack was beautiful and a strong script.",Positive
"Brilliant storytelling and the story was engaging.",Positive
"The cast delivered excellent performances. excellent direction.",Positive
"I would not recommend this movie. forgettable characters",Negative
"A complete waste of time due to it was too long.",Negative
"This movie exceeded my expectations because the story was engaging.",Positive
"This movie exceeded my expectations because memorable scenes.",Positive
"I would happily watch this again. great character development",Positive
"The cast delivered excellent performances. great character development.",Positive
"This film was disappointing because poor acting.",Negative
"The ending ruined the entire movie because the ending made no sense.",Negative
"I would not recommend this movie. awful visual effects",Negative
"The characters were poorly written and bad dialogue.",Negative
"A wonderful cinematic experience with stunning visuals.",Positive
"This movie exceeded my expectations because the story was engaging.",Positive
"A complete waste of time due to the ending made no sense.",Negative
"I absolutely loved this movie. emotional depth",Positive
"I would not recommend this movie. the ending made no sense",Negative
"The cast delivered excellent performances. the story was engaging.",Positive
"This film was disappointing because predictable scenes.",Negative
"A complete waste of time due to forgettable characters.",Negative
"An amazing film with the ending was satisfying.",Positive
"This film was disappointing because awful visual effects.",Negative
"Everything about this movie felt predictable scenes.",Negative
"The screenplay felt weak and predictable scenes.",Negative
"I would not recommend this movie. the plot was confusing",Negative
"I really disliked this movie. bad dialogue",Negative
"The cast delivered excellent performances. emotional depth.",Positive
"Brilliant storytelling and the story was engaging.",Positive
"The cast delivered excellent performances. memorable scenes.",Positive
"The screenplay felt weak and it was too long.",Negative
"Everything about this movie felt bad dialogue.",Negative
"The acting was terrible and forgettable characters.",Negative
"I would happily watch this again. a strong script",Positive
"The cast delivered excellent performances. perfect pacing.",Positive
"The cast delivered excellent performances. the story was engaging.",Positive
"I would not recommend this movie. awful visual effects",Negative
"The screenplay felt weak and the plot was confusing.",Negative
"This movie exceeded my expectations because memorable scenes.",Positive
"I really disliked this movie. terrible pacing",Negative
"A wonderful cinematic experience with stunning visuals.",Positive
"The acting was terrible and weak direction.",Negative
"I absolutely loved this movie. the ending was satisfying",Positive
"The characters were poorly written and predictable scenes.",Negative
"The characters were poorly written and poor acting.",Negative
"Everything about this movie felt excellent direction.",Positive
"This movie exceeded my expectations because outstanding performances.",Positive
"This film was disappointing because predictable scenes.",Negative
"Everything about this movie felt a strong script.",Positive
"Everything about this movie felt great character development.",Positive
"The soundtrack was beautiful and perfect pacing.",Positive
"An amazing film with excellent direction.",Positive
"The soundtrack was beautiful and the ending was satisfying.",Positive
"The characters were poorly written and bad dialogue.",Negative
"Brilliant storytelling and great character development.",Positive
"The story was boring and terrible pacing.",Negative
"The acting was terrible and poor acting.",Negative
"Brilliant storytelling and outstanding performances.",Positive
"Everything about this movie felt the plot was confusing.",Negative
"Everything about this movie felt the ending made no sense.",Negative
"I absolutely loved this movie. great character development",Positive
"A wonderful cinematic experience with emotional depth.",Positive
"Everything about this movie felt great character development.",Positive
"I would not recommend this movie. the plot was confusing",Negative
"I would happily watch this again. the ending was satisfying",Positive
"I absolutely loved this movie. outstanding performances",Positive
"The ending ruined the entire movie because the ending made no sense.",Negative
"The ending ruined the entire movie because terrible pacing.",Negative
"The story was boring and the ending made no sense.",Negative
"I absolutely loved this movie. memorable scenes",Positive
"Everything about this movie felt stunning visuals.",Positive
"Everything about this movie felt excellent direction.",Positive
"The ending ruined the entire movie because predictable scenes.",Negative
"I absolutely loved this movie. perfect pacing",Positive
"A complete waste of time due to the plot was confusing.",Negative
"The soundtrack was beautiful and outstanding performances.",Positive
"Everything about this movie felt perfect pacing.",Positive
"The soundtrack was beautiful and the ending was satisfying.",Positive
"The ending ruined the entire movie because bad dialogue.",Negative
"The characters were poorly written and terrible pacing.",Negative
"Brilliant storytelling and great character development.",Positive
"This film was disappointing because the plot was confusing.",Negative
"I really disliked this movie. weak direction",Negative
"The acting was terrible and the ending made no sense.",Negative
"This film was disappointing because the ending made no sense.",Negative
"The screenplay felt weak and terrible pacing.",Negative
"I would happily watch this again. great character development",Positive
"The characters were poorly written and the ending made no sense.",Negative
"Brilliant storytelling and perfect pacing.",Positive
"The acting was fantastic and the ending was satisfying.",Positive
"The cast delivered excellent performances. outstanding performances.",Positive
"I really disliked this movie. weak direction",Negative
"This film was disappointing because the plot was confusing.",Negative
"The ending ruined the entire movie because the ending made no sense.",Negative
"I really disliked this movie. awful visual effects",Negative
"The acting was fantastic and memorable scenes.",Positive
"Everything about this movie felt the ending was satisfying.",Positive
"The story was boring and predictable scenes.",Negative
"The story was boring and weak direction.",Negative
"The cast delivered excellent performances. memorable scenes.",Positive
"The characters were poorly written and weak direction.",Negative
"The characters were poorly written and the plot was confusing.",Negative
"Brilliant storytelling and a strong script.",Positive
"This film was disappointing because it was too long.",Negative
"The screenplay felt weak and forgettable characters.",Negative
"The acting was terrible and the ending made no sense.",Negative
"The acting was fantastic and perfect pacing.",Positive
"An amazing film with a strong script.",Positive
"An amazing film with a strong script.",Positive
"I really disliked this movie. the ending made no sense",Negative
"Everything about this movie felt awful visual effects.",Negative
"I absolutely loved this movie. outstanding performances",Positive
"The acting was fantastic and a strong script.",Positive
"A wonderful cinematic experience with excellent direction.",Positive
"I absolutely loved this movie. emotional depth",Positive
"The acting was terrible and poor acting.",Negative
"Everything about this movie felt predictable scenes.",Negative
"A complete waste of time due to terrible pacing.",Negative
"The characters were poorly written and it was too long.",Negative
"I would not recommend this movie. terrible pacing",Negative
"Everything about this movie felt forgettable characters.",Negative
"I would not recommend this movie. forgettable characters",Negative
"I would not recommend this movie. it was too long",Negative
"I would happily watch this again. emotional depth",Positive
"The screenplay felt weak and poor acting.",Negative
"The story was boring and terrible pacing.",Negative
"I would happily watch this again. the story was engaging",Positive
"I really disliked this movie. weak direction",Negative
"The acting was fantastic and emotional depth.",Positive
"The screenplay felt weak and the ending made no sense.",Negative
"I absolutely loved this movie. the ending was satisfying",Positive
"This movie exceeded my expectations because emotional depth.",Positive
"A wonderful cinematic experience with excellent direction.",Positive
"The ending ruined the entire movie because the plot was confusing.",Negative
"I really disliked this movie. predictable scenes",Negative
"Brilliant storytelling and the ending was satisfying.",Positive
"This movie exceeded my expectations because the story was engaging.",Positive
"The screenplay felt weak and bad dialogue.",Negative
"The screenplay felt weak and the plot was confusing.",Negative
"I would happily watch this again. a strong script",Positive
"The ending ruined the entire movie because forgettable characters.",Negative
"This movie exceeded my expectations because emotional depth.",Positive
"The soundtrack was beautiful and a strong script.",Positive
"A complete waste of time due to predictable scenes.",Negative
"A wonderful cinematic experience with perfect pacing.",Positive
"Brilliant storytelling and the story was engaging.",Positive
"A wonderful cinematic experience with a strong script.",Positive
"I would not recommend this movie. the ending made no sense",Negative
"Brilliant storytelling and excellent direction.",Positive
"I absolutely loved this movie. perfect pacing",Positive
"I would happily watch this again. great character development",Positive
"This movie exceeded my expectations because great character development.",Positive
"The cast delivered excellent performances. memorable scenes.",Positive
"A complete waste of time due to weak direction.",Negative
"I would not recommend this movie. predictable scenes",Negative
"Brilliant storytelling and stunning visuals.",Positive
"This movie exceeded my expectations because the story was engaging.",Positive
"An amazing film with a strong script.",Positive
"I really disliked this movie. bad dialogue",Negative
"The ending ruined the entire movie because terrible pacing.",Negative
"The acting was terrible and weak direction.",Negative
"Everything about this movie felt the ending made no sense.",Negative
"Everything about this movie felt weak direction.",Negative
"A complete waste of time due to it was too long.",Negative
"An amazing film with great character development.",Positive
"Everything about this movie felt a strong script.",Positive
"This film was disappointing because it was too long.",Negative
"This movie exceeded my expectations because memorable scenes.",Positive
"The soundtrack was beautiful and memorable scenes.",Positive
"The screenplay felt weak and poor acting.",Negative
"The cast delivered excellent performances. memorable scenes.",Positive
"The screenplay felt weak and the plot was confusing.",Negative
"I really disliked this movie. bad dialogue",Negative
"Everything about this movie felt weak direction.",Negative
"The acting was terrible and forgettable characters.",Negative
"The story was boring and the plot was confusing.",Negative
"Everything about this movie felt poor acting.",Negative
"The acting was fantastic and memorable scenes.",Positive
"An amazing film with emotional depth.",Positive
"The acting was fantastic and perfect pacing.",Positive
"I absolutely loved this movie. emotional depth",Positive
"The screenplay felt weak and predictable scenes.",Negative
"The soundtrack was beautiful and excellent direction.",Positive
"The cast delivered excellent performances. perfect pacing.",Positive
"The cast delivered excellent performances. memorable scenes.",Positive
"The acting was fantastic and the ending was satisfying.",Positive
"I absolutely loved this movie. stunning visuals",Positive
"A complete waste of time due to awful visual effects.",Negative
"Everything about this movie felt perfect pacing.",Positive
